DROP TABLE IF EXISTS CDS;
CREATE TABLE CDS (
  CD_ID numeric(20) NOT NULL,
  PRIMARY KEY (CD_ID)
);


INSERT INTO CDS (CD_ID) VALUES (11);
INSERT INTO CDS (CD_ID) VALUES (12);
INSERT INTO CDS (CD_ID) VALUES (17);

DROP TABLE IF EXISTS COLUMNS_V2;
CREATE TABLE COLUMNS_V2 (
  CD_ID numeric(20) NOT NULL,
  COMMENT varchar(256) DEFAULT NULL,
  COLUMN_NAME varchar(128) NOT NULL,
  TYPE_NAME varchar(4000) NOT NULL,
  INTEGER_IDX integer NOT NULL,
  PRIMARY KEY (CD_ID,COLUMN_NAME)
);


INSERT INTO COLUMNS_V2 (CD_ID, COMMENT, COLUMN_NAME, TYPE_NAME, INTEGER_IDX) VALUES (11,NULL,'code','string',0);
INSERT INTO COLUMNS_V2 (CD_ID, COMMENT, COLUMN_NAME, TYPE_NAME, INTEGER_IDX) VALUES (11,NULL,'description','string',1);
INSERT INTO COLUMNS_V2 (CD_ID, COMMENT, COLUMN_NAME, TYPE_NAME, INTEGER_IDX) VALUES (11,NULL,'salary','int',3);
INSERT INTO COLUMNS_V2 (CD_ID, COMMENT, COLUMN_NAME, TYPE_NAME, INTEGER_IDX) VALUES (11,NULL,'total_emp','int',2);
INSERT INTO COLUMNS_V2 (CD_ID, COMMENT, COLUMN_NAME, TYPE_NAME, INTEGER_IDX) VALUES (12,NULL,'code','string',0);
INSERT INTO COLUMNS_V2 (CD_ID, COMMENT, COLUMN_NAME, TYPE_NAME, INTEGER_IDX) VALUES (12,NULL,'description','string',1);
INSERT INTO COLUMNS_V2 (CD_ID, COMMENT, COLUMN_NAME, TYPE_NAME, INTEGER_IDX) VALUES (12,NULL,'salary','int',3);
INSERT INTO COLUMNS_V2 (CD_ID, COMMENT, COLUMN_NAME, TYPE_NAME, INTEGER_IDX) VALUES (12,NULL,'total_emp','int',2);
INSERT INTO COLUMNS_V2 (CD_ID, COMMENT, COLUMN_NAME, TYPE_NAME, INTEGER_IDX) VALUES (17,NULL,'text','string',0);

DROP TABLE IF EXISTS DBS;
CREATE TABLE DBS (
  DB_ID numeric(20) NOT NULL,
  DESC varchar(4000)  DEFAULT NULL,
  DB_LOCATION_URI varchar(4000)  NOT NULL,
  NAME varchar(128)  DEFAULT NULL,
  PRIMARY KEY (DB_ID)
);


INSERT INTO DBS (DB_ID, DESC, DB_LOCATION_URI, NAME) VALUES (1,'Default Hive database','hdfs://localhost:8020/apps/hive/warehouse','default');

DROP TABLE IF EXISTS PARTITIONS;
CREATE TABLE PARTITIONS (
  PART_ID numeric(20) NOT NULL,
  CREATE_TIME integer NOT NULL,
  LAST_ACCESS_TIME integer NOT NULL,
  PART_NAME varchar(767)  DEFAULT NULL,
  SD_ID numeric(20) DEFAULT NULL,
  TBL_ID numeric(20) DEFAULT NULL,
  PRIMARY KEY (PART_ID)
);


INSERT INTO PARTITIONS (PART_ID, CREATE_TIME, LAST_ACCESS_TIME, PART_NAME, SD_ID, TBL_ID) VALUES (1,1385909406,0,'year=2',18,17);

DROP TABLE IF EXISTS PARTITION_KEYS;
CREATE TABLE PARTITION_KEYS (
  TBL_ID numeric(20) NOT NULL,
  PKEY_COMMENT varchar(4000)  DEFAULT NULL,
  PKEY_NAME varchar(128)  NOT NULL,
  PKEY_TYPE varchar(767)  NOT NULL,
  INTEGER_IDX integer NOT NULL,
  PRIMARY KEY (TBL_ID,PKEY_NAME)
);


INSERT INTO PARTITION_KEYS (TBL_ID, PKEY_COMMENT, PKEY_NAME, PKEY_TYPE, INTEGER_IDX) VALUES (17,NULL,'year','int',0);

DROP TABLE IF EXISTS PARTITION_KEY_VALS;
CREATE TABLE PARTITION_KEY_VALS (
  PART_ID numeric(20) NOT NULL,
  PART_KEY_VAL varchar(255)  DEFAULT NULL,
  INTEGER_IDX integer NOT NULL,
  PRIMARY KEY (PART_ID,INTEGER_IDX)
);


INSERT INTO PARTITION_KEY_VALS (PART_ID, PART_KEY_VAL, INTEGER_IDX) VALUES (1,'2',0);

DROP TABLE IF EXISTS PARTITION_PARAMS;
CREATE TABLE PARTITION_PARAMS (
  PART_ID numeric(20) NOT NULL,
  PARAM_KEY varchar(256)  NOT NULL,
  PARAM_VALUE varchar(4000)  DEFAULT NULL,
  PRIMARY KEY (PART_ID,PARAM_KEY)
);


INSERT INTO PARTITION_PARAMS (PART_ID, PARAM_KEY, PARAM_VALUE) VALUES (1,'transient_lastDdlTime','1385909406');

DROP TABLE IF EXISTS SDS;
CREATE TABLE SDS (
  SD_ID numeric(20) NOT NULL,
  CD_ID numeric(20) DEFAULT NULL,
  INPUT_FORMAT varchar(4000)  DEFAULT NULL,
  IS_COMPRESSED CHAR(1) NOT NULL,
  IS_STOREDASSUBDIRECTORIES CHAR(1) NOT NULL,
  LOCATION varchar(4000)  DEFAULT NULL,
  NUM_BUCKETS integer NOT NULL,
  OUTPUT_FORMAT varchar(4000)  DEFAULT NULL,
  SERDE_ID numeric(20) DEFAULT NULL,
  PRIMARY KEY (SD_ID)
);


INSERT INTO SDS (SD_ID, CD_ID, INPUT_FORMAT, IS_COMPRESSED, IS_STOREDASSUBDIRECTORIES, LOCATION, NUM_BUCKETS, OUTPUT_FORMAT, SERDE_ID) VALUES (11,11,'org.apache.hadoop.mapred.TextInputFormat','N','N','src/test/resources/data/sample_07.csv',-1,'org.apache.hadoop.hive.ql.io.HiveIgnoreKeyTextOutputFormat',11);
INSERT INTO SDS (SD_ID, CD_ID, INPUT_FORMAT, IS_COMPRESSED, IS_STOREDASSUBDIRECTORIES, LOCATION, NUM_BUCKETS, OUTPUT_FORMAT, SERDE_ID) VALUES (12,12,'org.apache.hadoop.mapred.TextInputFormat','N','N','hdfs://sandbox.hortonworks.com:8020/apps/hive/warehouse/sample_09/sample_08.csv',-1,'org.apache.hadoop.hive.ql.io.HiveIgnoreKeyTextOutputFormat',12);
INSERT INTO SDS (SD_ID, CD_ID, INPUT_FORMAT, IS_COMPRESSED, IS_STOREDASSUBDIRECTORIES, LOCATION, NUM_BUCKETS, OUTPUT_FORMAT, SERDE_ID) VALUES (17,17,'org.apache.hadoop.mapred.TextInputFormat','N','N','hdfs://sandbox.hortonworks.com:8020/apps/hive/warehouse/partitioned_table',-1,'org.apache.hadoop.hive.ql.io.HiveIgnoreKeyTextOutputFormat',17);
INSERT INTO SDS (SD_ID, CD_ID, INPUT_FORMAT, IS_COMPRESSED, IS_STOREDASSUBDIRECTORIES, LOCATION, NUM_BUCKETS, OUTPUT_FORMAT, SERDE_ID) VALUES (18,17,'org.apache.hadoop.mapred.TextInputFormat','N','N','hdfs://sandbox.hortonworks.com:8020/apps/hive/warehouse/partitioned_table/2',-1,'org.apache.hadoop.hive.ql.io.HiveIgnoreKeyTextOutputFormat',18);


DROP TABLE IF EXISTS SD_PARAMS;
CREATE TABLE SD_PARAMS (
  SD_ID numeric(20) NOT NULL,
  PARAM_KEY varchar(256)  NOT NULL,
  PARAM_VALUE varchar(4000)  DEFAULT NULL,
  PRIMARY KEY (SD_ID,PARAM_KEY)
);



DROP TABLE IF EXISTS SEQUENCE_TABLE;
CREATE TABLE SEQUENCE_TABLE (
  SEQUENCE_NAME varchar(255)  NOT NULL,
  NEXT_VAL numeric(20) NOT NULL,
  PRIMARY KEY (SEQUENCE_NAME)
);


INSERT INTO SEQUENCE_TABLE (SEQUENCE_NAME, NEXT_VAL) VALUES ('org.apache.hadoop.hive.metastore.model.MColumnDescriptor',21);
INSERT INTO SEQUENCE_TABLE (SEQUENCE_NAME, NEXT_VAL) VALUES ('org.apache.hadoop.hive.metastore.model.MDatabase',6);
INSERT INTO SEQUENCE_TABLE (SEQUENCE_NAME, NEXT_VAL) VALUES ('org.apache.hadoop.hive.metastore.model.MPartition',6);
INSERT INTO SEQUENCE_TABLE (SEQUENCE_NAME, NEXT_VAL) VALUES ('org.apache.hadoop.hive.metastore.model.MSerDeInfo',21);
INSERT INTO SEQUENCE_TABLE (SEQUENCE_NAME, NEXT_VAL) VALUES ('org.apache.hadoop.hive.metastore.model.MStorageDescriptor',21);
INSERT INTO SEQUENCE_TABLE (SEQUENCE_NAME, NEXT_VAL) VALUES ('org.apache.hadoop.hive.metastore.model.MTable',21);
INSERT INTO SEQUENCE_TABLE (SEQUENCE_NAME, NEXT_VAL) VALUES ('org.apache.hadoop.hive.metastore.model.MVersionTable',6);

DROP TABLE IF EXISTS SERDES;
CREATE TABLE SERDES (
  SERDE_ID numeric(20) NOT NULL,
  NAME varchar(128)  DEFAULT NULL,
  SLIB varchar(4000)  DEFAULT NULL,
  PRIMARY KEY (SERDE_ID)
);


INSERT INTO SERDES (SERDE_ID, NAME, SLIB) VALUES (11,NULL,'org.apache.hadoop.hive.serde2.lazy.LazySimpleSerDe');
INSERT INTO SERDES (SERDE_ID, NAME, SLIB) VALUES (12,NULL,'org.apache.hadoop.hive.serde2.lazy.LazySimpleSerDe');
INSERT INTO SERDES (SERDE_ID, NAME, SLIB) VALUES (17,NULL,'org.apache.hadoop.hive.serde2.lazy.LazySimpleSerDe');
INSERT INTO SERDES (SERDE_ID, NAME, SLIB) VALUES (18,NULL,'org.apache.hadoop.hive.serde2.lazy.LazySimpleSerDe');

DROP TABLE IF EXISTS SERDE_PARAMS;
CREATE TABLE SERDE_PARAMS (
  SERDE_ID numeric(20) NOT NULL,
  PARAM_KEY varchar(256)  NOT NULL,
  PARAM_VALUE varchar(4000)  DEFAULT NULL,
  PRIMARY KEY (SERDE_ID,PARAM_KEY)
);


INSERT INTO SERDE_PARAMS (SERDE_ID, PARAM_KEY, PARAM_VALUE) VALUES (11,'field.delim','	');
INSERT INTO SERDE_PARAMS (SERDE_ID, PARAM_KEY, PARAM_VALUE) VALUES (11,'serialization.format','	');
INSERT INTO SERDE_PARAMS (SERDE_ID, PARAM_KEY, PARAM_VALUE) VALUES (12,'field.delim','	');
INSERT INTO SERDE_PARAMS (SERDE_ID, PARAM_KEY, PARAM_VALUE) VALUES (12,'serialization.format','	');
INSERT INTO SERDE_PARAMS (SERDE_ID, PARAM_KEY, PARAM_VALUE) VALUES (17,'serialization.format','1');
INSERT INTO SERDE_PARAMS (SERDE_ID, PARAM_KEY, PARAM_VALUE) VALUES (18,'serialization.format','1');


DROP TABLE IF EXISTS SKEWED_COL_NAMES;
CREATE TABLE SKEWED_COL_NAMES (
  SD_ID numeric(20) NOT NULL,
  SKEWED_COL_NAME varchar(255)  DEFAULT NULL,
  INTEGER_IDX integer NOT NULL,
  PRIMARY KEY (SD_ID,INTEGER_IDX)
);






DROP TABLE IF EXISTS SKEWED_VALUES;
CREATE TABLE SKEWED_VALUES (
  SD_ID_OID numeric(20) NOT NULL,
  STRING_LIST_ID_EID numeric(20) DEFAULT NULL,
  INTEGER_IDX integer NOT NULL,
  PRIMARY KEY (SD_ID_OID,INTEGER_IDX)
);


DROP TABLE IF EXISTS TABLE_PARAMS;
CREATE TABLE TABLE_PARAMS (
  TBL_ID numeric(20) NOT NULL,
  PARAM_KEY varchar(256)  NOT NULL,
  PARAM_VALUE varchar(4000)  DEFAULT NULL,
  PRIMARY KEY (TBL_ID,PARAM_KEY)
);


INSERT INTO TABLE_PARAMS (TBL_ID, PARAM_KEY, PARAM_VALUE) VALUES (11,'numFiles','1');
INSERT INTO TABLE_PARAMS (TBL_ID, PARAM_KEY, PARAM_VALUE) VALUES (11,'numPartitions','0');
INSERT INTO TABLE_PARAMS (TBL_ID, PARAM_KEY, PARAM_VALUE) VALUES (11,'numRows','0');
INSERT INTO TABLE_PARAMS (TBL_ID, PARAM_KEY, PARAM_VALUE) VALUES (11,'rawDataSize','0');
INSERT INTO TABLE_PARAMS (TBL_ID, PARAM_KEY, PARAM_VALUE) VALUES (11,'totalSize','46055');
INSERT INTO TABLE_PARAMS (TBL_ID, PARAM_KEY, PARAM_VALUE) VALUES (11,'transient_lastDdlTime','1382974468');
INSERT INTO TABLE_PARAMS (TBL_ID, PARAM_KEY, PARAM_VALUE) VALUES (12,'numFiles','1');
INSERT INTO TABLE_PARAMS (TBL_ID, PARAM_KEY, PARAM_VALUE) VALUES (12,'numPartitions','0');
INSERT INTO TABLE_PARAMS (TBL_ID, PARAM_KEY, PARAM_VALUE) VALUES (12,'numRows','0');
INSERT INTO TABLE_PARAMS (TBL_ID, PARAM_KEY, PARAM_VALUE) VALUES (12,'rawDataSize','0');
INSERT INTO TABLE_PARAMS (TBL_ID, PARAM_KEY, PARAM_VALUE) VALUES (12,'totalSize','46069');
INSERT INTO TABLE_PARAMS (TBL_ID, PARAM_KEY, PARAM_VALUE) VALUES (12,'transient_lastDdlTime','1382974472');
INSERT INTO TABLE_PARAMS (TBL_ID, PARAM_KEY, PARAM_VALUE) VALUES (17,'transient_lastDdlTime','1385909250');




DROP TABLE IF EXISTS TBLS;
CREATE TABLE TBLS (
  TBL_ID numeric(20) NOT NULL,
  CREATE_TIME integer NOT NULL,
  DB_ID numeric(20) DEFAULT NULL,
  LAST_ACCESS_TIME integer NOT NULL,
  OWNER varchar(767)  DEFAULT NULL,
  RETENTION integer NOT NULL,
  SD_ID numeric(20) DEFAULT NULL,
  TBL_NAME varchar(128)  DEFAULT NULL,
  TBL_TYPE varchar(128)  DEFAULT NULL,
  VIEW_EXPANDED_TEXT mediumtext,
  VIEW_ORIGINAL_TEXT mediumtext,
  PRIMARY KEY (TBL_ID)
);


INSERT INTO TBLS (TBL_ID, CREATE_TIME, DB_ID, LAST_ACCESS_TIME, OWNER, RETENTION, SD_ID, TBL_NAME, TBL_TYPE, VIEW_EXPANDED_TEXT, VIEW_ORIGINAL_TEXT) VALUES (11,1382974463,1,0,'hue',0,11,'sample_07','MANAGED_TABLE',NULL,NULL);
INSERT INTO TBLS (TBL_ID, CREATE_TIME, DB_ID, LAST_ACCESS_TIME, OWNER, RETENTION, SD_ID, TBL_NAME, TBL_TYPE, VIEW_EXPANDED_TEXT, VIEW_ORIGINAL_TEXT) VALUES (12,1382974470,1,0,'hue',0,12,'sample_08','MANAGED_TABLE',NULL,NULL);
INSERT INTO TBLS (TBL_ID, CREATE_TIME, DB_ID, LAST_ACCESS_TIME, OWNER, RETENTION, SD_ID, TBL_NAME, TBL_TYPE, VIEW_EXPANDED_TEXT, VIEW_ORIGINAL_TEXT) VALUES (17,1385909250,1,0,'root',0,17,'partitioned_table','MANAGED_TABLE',NULL,NULL);


DROP TABLE IF EXISTS VERSION;
CREATE TABLE VERSION (
  VER_ID numeric(20) NOT NULL,
  SCHEMA_VERSION varchar(127)  NOT NULL,
  VERSION_COMMENT varchar(255)  NOT NULL,
  PRIMARY KEY (VER_ID)
);


INSERT INTO VERSION (VER_ID, SCHEMA_VERSION, VERSION_COMMENT) VALUES (1,'0.12.0','Set by MetaStore');


